img\LiquanGlass_image\器皿\利銓-器皿類_200813.jpg,
img\LiquanGlass_image\器皿\利銓-器皿類_200813_0.jpg,
img\LiquanGlass_image\器皿\利銓-器皿類_200813_1.jpg,
img\LiquanGlass_image\器皿\利銓-器皿類_200813_10.jpg,
img\LiquanGlass_image\器皿\利銓-器皿類_200813_100.jpg,
img\LiquanGlass_image\器皿\利銓-器皿類_200813_101.jpg,
img\LiquanGlass_image\器皿\利銓-器皿類_200813_102.jpg,
img\LiquanGlass_image\器皿\利銓-器皿類_200813_103.jpg,
img\LiquanGlass_image\器皿\利銓-器皿類_200813_104.jpg,
img\LiquanGlass_image\器皿\利銓-器皿類_200813_105.jpg,
img\LiquanGlass_image\器皿\利銓-器皿類_200813_106.jpg,
img\LiquanGlass_image\器皿\利銓-器皿類_200813_107.jpg,
img\LiquanGlass_image\器皿\利銓-器皿類_200813_108.jpg,
img\LiquanGlass_image\器皿\利銓-器皿類_200813_109.jpg,
img\LiquanGlass_image\器皿\利銓-器皿類_200813_11.jpg,
img\LiquanGlass_image\器皿\利銓-器皿類_200813_110.jpg,
img\LiquanGlass_image\器皿\利銓-器皿類_200813_111.jpg,
img\LiquanGlass_image\器皿\利銓-器皿類_200813_112.jpg,
img\LiquanGlass_image\器皿\利銓-器皿類_200813_113.jpg,
img\LiquanGlass_image\器皿\利銓-器皿類_200813_114.jpg,
img\LiquanGlass_image\器皿\利銓-器皿類_200813_115.jpg,
img\LiquanGlass_image\器皿\利銓-器皿類_200813_116.jpg,
img\LiquanGlass_image\器皿\利銓-器皿類_200813_117.jpg,
img\LiquanGlass_image\器皿\利銓-器皿類_200813_118.jpg,
img\LiquanGlass_image\器皿\利銓-器皿類_200813_119.jpg,
img\LiquanGlass_image\器皿\利銓-器皿類_200813_12.jpg,
img\LiquanGlass_image\器皿\利銓-器皿類_200813_120.jpg,
img\LiquanGlass_image\器皿\利銓-器皿類_200813_121.jpg,
img\LiquanGlass_image\器皿\利銓-器皿類_200813_122.jpg,
img\LiquanGlass_image\器皿\利銓-器皿類_200813_123.jpg,
img\LiquanGlass_image\器皿\利銓-器皿類_200813_124.jpg,
img\LiquanGlass_image\器皿\利銓-器皿類_200813_125.jpg,
img\LiquanGlass_image\器皿\利銓-器皿類_200813_126.jpg,
img\LiquanGlass_image\器皿\利銓-器皿類_200813_127.jpg,
img\LiquanGlass_image\器皿\利銓-器皿類_200813_128.jpg,
img\LiquanGlass_image\器皿\利銓-器皿類_200813_129.jpg,
img\LiquanGlass_image\器皿\利銓-器皿類_200813_13.jpg,
img\LiquanGlass_image\器皿\利銓-器皿類_200813_130.jpg,
img\LiquanGlass_image\器皿\利銓-器皿類_200813_131.jpg,
img\LiquanGlass_image\器皿\利銓-器皿類_200813_132.jpg,
img\LiquanGlass_image\器皿\利銓-器皿類_200813_133.jpg,
img\LiquanGlass_image\器皿\利銓-器皿類_200813_134.jpg,
img\LiquanGlass_image\器皿\利銓-器皿類_200813_135.jpg,
img\LiquanGlass_image\器皿\利銓-器皿類_200813_136.jpg,
img\LiquanGlass_image\器皿\利銓-器皿類_200813_137.jpg,
img\LiquanGlass_image\器皿\利銓-器皿類_200813_138.jpg,
img\LiquanGlass_image\器皿\利銓-器皿類_200813_139.jpg,
img\LiquanGlass_image\器皿\利銓-器皿類_200813_14.jpg,
img\LiquanGlass_image\器皿\利銓-器皿類_200813_140.jpg,
img\LiquanGlass_image\器皿\利銓-器皿類_200813_141.jpg,
img\LiquanGlass_image\器皿\利銓-器皿類_200813_142.jpg,
img\LiquanGlass_image\器皿\利銓-器皿類_200813_143.jpg,
img\LiquanGlass_image\器皿\利銓-器皿類_200813_144.jpg,
img\LiquanGlass_image\器皿\利銓-器皿類_200813_145.jpg,
img\LiquanGlass_image\器皿\利銓-器皿類_200813_146.jpg,
img\LiquanGlass_image\器皿\利銓-器皿類_200813_147.jpg,
img\LiquanGlass_image\器皿\利銓-器皿類_200813_148.jpg,
img\LiquanGlass_image\器皿\利銓-器皿類_200813_149.jpg,
img\LiquanGlass_image\器皿\利銓-器皿類_200813_15.jpg,
img\LiquanGlass_image\器皿\利銓-器皿類_200813_150.jpg,
img\LiquanGlass_image\器皿\利銓-器皿類_200813_151.jpg,
img\LiquanGlass_image\器皿\利銓-器皿類_200813_152.jpg,
img\LiquanGlass_image\器皿\利銓-器皿類_200813_153.jpg,
img\LiquanGlass_image\器皿\利銓-器皿類_200813_154.jpg,
img\LiquanGlass_image\器皿\利銓-器皿類_200813_155.jpg,
img\LiquanGlass_image\器皿\利銓-器皿類_200813_156.jpg,
img\LiquanGlass_image\器皿\利銓-器皿類_200813_157.jpg,
img\LiquanGlass_image\器皿\利銓-器皿類_200813_16.jpg,
img\LiquanGlass_image\器皿\利銓-器皿類_200813_17.jpg,
img\LiquanGlass_image\器皿\利銓-器皿類_200813_18.jpg,
img\LiquanGlass_image\器皿\利銓-器皿類_200813_19.jpg,
img\LiquanGlass_image\器皿\利銓-器皿類_200813_2.jpg,
img\LiquanGlass_image\器皿\利銓-器皿類_200813_20.jpg,
img\LiquanGlass_image\器皿\利銓-器皿類_200813_21.jpg,
img\LiquanGlass_image\器皿\利銓-器皿類_200813_22.jpg,
img\LiquanGlass_image\器皿\利銓-器皿類_200813_23.jpg,
img\LiquanGlass_image\器皿\利銓-器皿類_200813_24.jpg,
img\LiquanGlass_image\器皿\利銓-器皿類_200813_25.jpg,
img\LiquanGlass_image\器皿\利銓-器皿類_200813_26.jpg,
img\LiquanGlass_image\器皿\利銓-器皿類_200813_27.jpg,
img\LiquanGlass_image\器皿\利銓-器皿類_200813_28.jpg,
img\LiquanGlass_image\器皿\利銓-器皿類_200813_29.jpg,
img\LiquanGlass_image\器皿\利銓-器皿類_200813_3.jpg,
img\LiquanGlass_image\器皿\利銓-器皿類_200813_30.jpg,
img\LiquanGlass_image\器皿\利銓-器皿類_200813_31.jpg,
img\LiquanGlass_image\器皿\利銓-器皿類_200813_32.jpg,
img\LiquanGlass_image\器皿\利銓-器皿類_200813_33.jpg,
img\LiquanGlass_image\器皿\利銓-器皿類_200813_34.jpg,
img\LiquanGlass_image\器皿\利銓-器皿類_200813_35.jpg,
img\LiquanGlass_image\器皿\利銓-器皿類_200813_36.jpg,
img\LiquanGlass_image\器皿\利銓-器皿類_200813_37.jpg,
img\LiquanGlass_image\器皿\利銓-器皿類_200813_38.jpg,
img\LiquanGlass_image\器皿\利銓-器皿類_200813_39.jpg,
img\LiquanGlass_image\器皿\利銓-器皿類_200813_4.jpg,
img\LiquanGlass_image\器皿\利銓-器皿類_200813_40.jpg,
img\LiquanGlass_image\器皿\利銓-器皿類_200813_41.jpg,
img\LiquanGlass_image\器皿\利銓-器皿類_200813_42.jpg,
img\LiquanGlass_image\器皿\利銓-器皿類_200813_43.jpg,
img\LiquanGlass_image\器皿\利銓-器皿類_200813_44.jpg,
img\LiquanGlass_image\器皿\利銓-器皿類_200813_45.jpg,
img\LiquanGlass_image\器皿\利銓-器皿類_200813_46.jpg,
img\LiquanGlass_image\器皿\利銓-器皿類_200813_47.jpg,
img\LiquanGlass_image\器皿\利銓-器皿類_200813_48.jpg,
img\LiquanGlass_image\器皿\利銓-器皿類_200813_49.jpg,
img\LiquanGlass_image\器皿\利銓-器皿類_200813_5.jpg,
img\LiquanGlass_image\器皿\利銓-器皿類_200813_50.jpg,
img\LiquanGlass_image\器皿\利銓-器皿類_200813_51.jpg,
img\LiquanGlass_image\器皿\利銓-器皿類_200813_52.jpg,
img\LiquanGlass_image\器皿\利銓-器皿類_200813_53.jpg,
img\LiquanGlass_image\器皿\利銓-器皿類_200813_54.jpg,
img\LiquanGlass_image\器皿\利銓-器皿類_200813_55.jpg,
img\LiquanGlass_image\器皿\利銓-器皿類_200813_56.jpg,
img\LiquanGlass_image\器皿\利銓-器皿類_200813_57.jpg,
img\LiquanGlass_image\器皿\利銓-器皿類_200813_58.jpg,
img\LiquanGlass_image\器皿\利銓-器皿類_200813_59.jpg,
img\LiquanGlass_image\器皿\利銓-器皿類_200813_6.jpg,
img\LiquanGlass_image\器皿\利銓-器皿類_200813_60.jpg,
img\LiquanGlass_image\器皿\利銓-器皿類_200813_61.jpg,
img\LiquanGlass_image\器皿\利銓-器皿類_200813_62.jpg,
img\LiquanGlass_image\器皿\利銓-器皿類_200813_63.jpg,
img\LiquanGlass_image\器皿\利銓-器皿類_200813_64.jpg,
img\LiquanGlass_image\器皿\利銓-器皿類_200813_65.jpg,
img\LiquanGlass_image\器皿\利銓-器皿類_200813_66.jpg,
img\LiquanGlass_image\器皿\利銓-器皿類_200813_67.jpg,
img\LiquanGlass_image\器皿\利銓-器皿類_200813_68.jpg,
img\LiquanGlass_image\器皿\利銓-器皿類_200813_69.jpg,
img\LiquanGlass_image\器皿\利銓-器皿類_200813_7.jpg,
img\LiquanGlass_image\器皿\利銓-器皿類_200813_70.jpg,
img\LiquanGlass_image\器皿\利銓-器皿類_200813_71.jpg,
img\LiquanGlass_image\器皿\利銓-器皿類_200813_72.jpg,
img\LiquanGlass_image\器皿\利銓-器皿類_200813_73.jpg,
img\LiquanGlass_image\器皿\利銓-器皿類_200813_74.jpg,
img\LiquanGlass_image\器皿\利銓-器皿類_200813_75.jpg,
img\LiquanGlass_image\器皿\利銓-器皿類_200813_76.jpg,
img\LiquanGlass_image\器皿\利銓-器皿類_200813_77.jpg,
img\LiquanGlass_image\器皿\利銓-器皿類_200813_78.jpg,
img\LiquanGlass_image\器皿\利銓-器皿類_200813_79.jpg,
img\LiquanGlass_image\器皿\利銓-器皿類_200813_8.jpg,
img\LiquanGlass_image\器皿\利銓-器皿類_200813_80.jpg,
img\LiquanGlass_image\器皿\利銓-器皿類_200813_81.jpg,
img\LiquanGlass_image\器皿\利銓-器皿類_200813_82.jpg,
img\LiquanGlass_image\器皿\利銓-器皿類_200813_83.jpg,
img\LiquanGlass_image\器皿\利銓-器皿類_200813_84.jpg,
img\LiquanGlass_image\器皿\利銓-器皿類_200813_85.jpg,
img\LiquanGlass_image\器皿\利銓-器皿類_200813_86.jpg,
img\LiquanGlass_image\器皿\利銓-器皿類_200813_87.jpg,
img\LiquanGlass_image\器皿\利銓-器皿類_200813_88.jpg,
img\LiquanGlass_image\器皿\利銓-器皿類_200813_89.jpg,
img\LiquanGlass_image\器皿\利銓-器皿類_200813_9.jpg,
img\LiquanGlass_image\器皿\利銓-器皿類_200813_90.jpg,
img\LiquanGlass_image\器皿\利銓-器皿類_200813_91.jpg,
img\LiquanGlass_image\器皿\利銓-器皿類_200813_92.jpg,
img\LiquanGlass_image\器皿\利銓-器皿類_200813_93.jpg,
img\LiquanGlass_image\器皿\利銓-器皿類_200813_94.jpg,
img\LiquanGlass_image\器皿\利銓-器皿類_200813_95.jpg,
img\LiquanGlass_image\器皿\利銓-器皿類_200813_96.jpg,
img\LiquanGlass_image\器皿\利銓-器皿類_200813_97.jpg,
img\LiquanGlass_image\器皿\利銓-器皿類_200813_98.jpg,
img\LiquanGlass_image\器皿\利銓-器皿類_200813_99.jpg