img\LiquanGlass_image\藝術花容器\利銓-藝術花器（容器）_200813.jpg,
img\LiquanGlass_image\藝術花容器\利銓-藝術花器（容器）_200813_0.jpg,
img\LiquanGlass_image\藝術花容器\利銓-藝術花器（容器）_200813_1.jpg,
img\LiquanGlass_image\藝術花容器\利銓-藝術花器（容器）_200813_10.jpg,
img\LiquanGlass_image\藝術花容器\利銓-藝術花器（容器）_200813_11.jpg,
img\LiquanGlass_image\藝術花容器\利銓-藝術花器（容器）_200813_12.jpg,
img\LiquanGlass_image\藝術花容器\利銓-藝術花器（容器）_200813_13.jpg,
img\LiquanGlass_image\藝術花容器\利銓-藝術花器（容器）_200813_14.jpg,
img\LiquanGlass_image\藝術花容器\利銓-藝術花器（容器）_200813_15.jpg,
img\LiquanGlass_image\藝術花容器\利銓-藝術花器（容器）_200813_16.jpg,
img\LiquanGlass_image\藝術花容器\利銓-藝術花器（容器）_200813_17.jpg,
img\LiquanGlass_image\藝術花容器\利銓-藝術花器（容器）_200813_18.jpg,
img\LiquanGlass_image\藝術花容器\利銓-藝術花器（容器）_200813_19.jpg,
img\LiquanGlass_image\藝術花容器\利銓-藝術花器（容器）_200813_2.jpg,
img\LiquanGlass_image\藝術花容器\利銓-藝術花器（容器）_200813_20.jpg,
img\LiquanGlass_image\藝術花容器\利銓-藝術花器（容器）_200813_21.jpg,
img\LiquanGlass_image\藝術花容器\利銓-藝術花器（容器）_200813_22.jpg,
img\LiquanGlass_image\藝術花容器\利銓-藝術花器（容器）_200813_23.jpg,
img\LiquanGlass_image\藝術花容器\利銓-藝術花器（容器）_200813_24.jpg,
img\LiquanGlass_image\藝術花容器\利銓-藝術花器（容器）_200813_25.jpg,
img\LiquanGlass_image\藝術花容器\利銓-藝術花器（容器）_200813_26.jpg,
img\LiquanGlass_image\藝術花容器\利銓-藝術花器（容器）_200813_27.jpg,
img\LiquanGlass_image\藝術花容器\利銓-藝術花器（容器）_200813_28.jpg,
img\LiquanGlass_image\藝術花容器\利銓-藝術花器（容器）_200813_29.jpg,
img\LiquanGlass_image\藝術花容器\利銓-藝術花器（容器）_200813_3.jpg,
img\LiquanGlass_image\藝術花容器\利銓-藝術花器（容器）_200813_30.jpg,
img\LiquanGlass_image\藝術花容器\利銓-藝術花器（容器）_200813_31.jpg,
img\LiquanGlass_image\藝術花容器\利銓-藝術花器（容器）_200813_32.jpg,
img\LiquanGlass_image\藝術花容器\利銓-藝術花器（容器）_200813_33.jpg,
img\LiquanGlass_image\藝術花容器\利銓-藝術花器（容器）_200813_34.jpg,
img\LiquanGlass_image\藝術花容器\利銓-藝術花器（容器）_200813_35.jpg,
img\LiquanGlass_image\藝術花容器\利銓-藝術花器（容器）_200813_36.jpg,
img\LiquanGlass_image\藝術花容器\利銓-藝術花器（容器）_200813_37.jpg,
img\LiquanGlass_image\藝術花容器\利銓-藝術花器（容器）_200813_38.jpg,
img\LiquanGlass_image\藝術花容器\利銓-藝術花器（容器）_200813_39.jpg,
img\LiquanGlass_image\藝術花容器\利銓-藝術花器（容器）_200813_4.jpg,
img\LiquanGlass_image\藝術花容器\利銓-藝術花器（容器）_200813_40.jpg,
img\LiquanGlass_image\藝術花容器\利銓-藝術花器（容器）_200813_41.jpg,
img\LiquanGlass_image\藝術花容器\利銓-藝術花器（容器）_200813_42.jpg,
img\LiquanGlass_image\藝術花容器\利銓-藝術花器（容器）_200813_43.jpg,
img\LiquanGlass_image\藝術花容器\利銓-藝術花器（容器）_200813_44.jpg,
img\LiquanGlass_image\藝術花容器\利銓-藝術花器（容器）_200813_45.jpg,
img\LiquanGlass_image\藝術花容器\利銓-藝術花器（容器）_200813_46.jpg,
img\LiquanGlass_image\藝術花容器\利銓-藝術花器（容器）_200813_47.jpg,
img\LiquanGlass_image\藝術花容器\利銓-藝術花器（容器）_200813_48.jpg,
img\LiquanGlass_image\藝術花容器\利銓-藝術花器（容器）_200813_49.jpg,
img\LiquanGlass_image\藝術花容器\利銓-藝術花器（容器）_200813_5.jpg,
img\LiquanGlass_image\藝術花容器\利銓-藝術花器（容器）_200813_50.jpg,
img\LiquanGlass_image\藝術花容器\利銓-藝術花器（容器）_200813_51.jpg,
img\LiquanGlass_image\藝術花容器\利銓-藝術花器（容器）_200813_52.jpg,
img\LiquanGlass_image\藝術花容器\利銓-藝術花器（容器）_200813_53.jpg,
img\LiquanGlass_image\藝術花容器\利銓-藝術花器（容器）_200813_54.jpg,
img\LiquanGlass_image\藝術花容器\利銓-藝術花器（容器）_200813_55.jpg,
img\LiquanGlass_image\藝術花容器\利銓-藝術花器（容器）_200813_56.jpg,
img\LiquanGlass_image\藝術花容器\利銓-藝術花器（容器）_200813_57.jpg,
img\LiquanGlass_image\藝術花容器\利銓-藝術花器（容器）_200813_58.jpg,
img\LiquanGlass_image\藝術花容器\利銓-藝術花器（容器）_200813_59.jpg,
img\LiquanGlass_image\藝術花容器\利銓-藝術花器（容器）_200813_6.jpg,
img\LiquanGlass_image\藝術花容器\利銓-藝術花器（容器）_200813_60.jpg,
img\LiquanGlass_image\藝術花容器\利銓-藝術花器（容器）_200813_61.jpg,
img\LiquanGlass_image\藝術花容器\利銓-藝術花器（容器）_200813_62.jpg,
img\LiquanGlass_image\藝術花容器\利銓-藝術花器（容器）_200813_63.jpg,
img\LiquanGlass_image\藝術花容器\利銓-藝術花器（容器）_200813_64.jpg,
img\LiquanGlass_image\藝術花容器\利銓-藝術花器（容器）_200813_65.jpg,
img\LiquanGlass_image\藝術花容器\利銓-藝術花器（容器）_200813_66.jpg,
img\LiquanGlass_image\藝術花容器\利銓-藝術花器（容器）_200813_67.jpg,
img\LiquanGlass_image\藝術花容器\利銓-藝術花器（容器）_200813_68.jpg,
img\LiquanGlass_image\藝術花容器\利銓-藝術花器（容器）_200813_69.jpg,
img\LiquanGlass_image\藝術花容器\利銓-藝術花器（容器）_200813_7.jpg,
img\LiquanGlass_image\藝術花容器\利銓-藝術花器（容器）_200813_70.jpg,
img\LiquanGlass_image\藝術花容器\利銓-藝術花器（容器）_200813_71.jpg,
img\LiquanGlass_image\藝術花容器\利銓-藝術花器（容器）_200813_72.jpg,
img\LiquanGlass_image\藝術花容器\利銓-藝術花器（容器）_200813_73.jpg,
img\LiquanGlass_image\藝術花容器\利銓-藝術花器（容器）_200813_8.jpg,
img\LiquanGlass_image\藝術花容器\利銓-藝術花器（容器）_200813_9.jpg